frame_id,video_id,filename,motivo_descarte,accion_correctiva
BYPASS_20260928_V01_F00000,BYPASS_20260928_V01,frame_00000.jpg,ESTABILIZACION_INICIAL_CAMARA,Exclusión de la matriz de inferencia
BYPASS_20260928_V01_F00001,BYPASS_20260928_V01,frame_00001.jpg,ESTABILIZACION_INICIAL_CAMARA,Exclusión de la matriz de inferencia
BYPASS_20260928_V01_F00002,BYPASS_20260928_V01,frame_00002.jpg,ESTABILIZACION_INICIAL_CAMARA,Exclusión de la matriz de inferencia
BYPASS_20260928_V01_F00003,BYPASS_20260928_V01,frame_00003.jpg,ESTABILIZACION_INICIAL_CAMARA,Exclusión de la matriz de inferencia
BYPASS_20260928_V01_F00004,BYPASS_20260928_V01,frame_00004.jpg,ESTABILIZACION_INICIAL_CAMARA,Exclusión de la matriz de inferencia
BYPASS_20260928_V01_F00835,BYPASS_20260928_V01,frame_00835.jpg,CAMARA_EVENTO,Exclusión de la matriz de inferencia
BYPASS_20260928_V01_F00836,BYPASS_20260928_V01,frame_00836.jpg,CAMARA_EVENTO,Exclusión de la matriz de inferencia
BYPASS_20260928_V01_F00837,BYPASS_20260928_V01,frame_00837.jpg,CAMARA_EVENTO,Exclusión de la matriz de inferencia
BYPASS_20260928_V01_F00838,BYPASS_20260928_V01,frame_00838.jpg,CAMARA_EVENTO,Exclusión de la matriz de inferencia
BYPASS_20260928_V01_F00839,BYPASS_20260928_V01,frame_00839.jpg,CAMARA_EVENTO,Exclusión de la matriz de inferencia
BYPASS_20260928_V01_F00840,BYPASS_20260928_V01,frame_00840.jpg,CAMARA_EVENTO,Exclusión de la matriz de inferencia
BYPASS_20260928_V01_F00841,BYPASS_20260928_V01,frame_00841.jpg,CAMARA_EVENTO,Exclusión de la matriz de inferencia
BYPASS_20260928_V01_F00842,BYPASS_20260928_V01,frame_00842.jpg,CAMARA_EVENTO,Exclusión de la matriz de inferencia
BYPASS_20260928_V01_F00843,BYPASS_20260928_V01,frame_00843.jpg,CAMARA_EVENTO,Exclusión de la matriz de inferencia
BYPASS_20260928_V01_F01201,BYPASS_20260928_V01,frame_01201.jpg,CAMARA_EVENTO,Exclusión de la matriz de inferencia
BYPASS_20260928_V01_F01202,BYPASS_20260928_V01,frame_01202.jpg,CAMARA_EVENTO,Exclusión de la matriz de inferencia
BYPASS_20260928_V01_F01203,BYPASS_20260928_V01,frame_01203.jpg,CAMARA_EVENTO,Exclusión de la matriz de inferencia
BYPASS_20260928_V01_F01783,BYPASS_20260928_V01,frame_01783.jpg,CAMARA_EVENTO,Exclusión de la matriz de inferencia
BYPASS_20260928_V01_F01790,BYPASS_20260928_V01,frame_01790.jpg,CAMARA_EVENTO,Exclusión de la matriz de inferencia
BYPASS_20260928_V01_F01856,BYPASS_20260928_V01,frame_01856.jpg,CAMARA_EVENTO,Exclusión de la matriz de inferencia
BYPASS_20260928_V01_F01857,BYPASS_20260928_V01,frame_01857.jpg,CAMARA_EVENTO,Exclusión de la matriz de inferencia
BYPASS_20260928_V01_F01949,BYPASS_20260928_V01,frame_01949.jpg,CAMARA_EVENTO,Exclusión de la matriz de inferencia
BYPASS_20260928_V01_F01950,BYPASS_20260928_V01,frame_01950.jpg,CAMARA_EVENTO,Exclusión de la matriz de inferencia
BYPASS_20260928_V01_F02036,BYPASS_20260928_V01,frame_02036.jpg,CAMARA_EVENTO,Exclusión de la matriz de inferencia
BYPASS_20260928_V01_F02037,BYPASS_20260928_V01,frame_02037.jpg,CAMARA_EVENTO,Exclusión de la matriz de inferencia
