frame_id,filename,video_id,group_id,split,segundo
BYPASS_20260928_V01_F01849,frame_01849.jpg,BYPASS_20260928_V01,BYPASS_20260928_V01_B04,test,1849.0
BYPASS_20260928_V01_F01877,frame_01877.jpg,BYPASS_20260928_V01,BYPASS_20260928_V01_B04,test,1877.0
BYPASS_20260928_V01_F01903,frame_01903.jpg,BYPASS_20260928_V01,BYPASS_20260928_V01_B04,test,1903.0
BYPASS_20260928_V01_F01928,frame_01928.jpg,BYPASS_20260928_V01,BYPASS_20260928_V01_B04,test,1928.0
BYPASS_20260928_V01_F01956,frame_01956.jpg,BYPASS_20260928_V01,BYPASS_20260928_V01_B04,test,1956.0
BYPASS_20260928_V01_F01982,frame_01982.jpg,BYPASS_20260928_V01,BYPASS_20260928_V01_B04,test,1982.0
BYPASS_20260928_V01_F02007,frame_02007.jpg,BYPASS_20260928_V01,BYPASS_20260928_V01_B04,test,2007.0
BYPASS_20260928_V01_F02033,frame_02033.jpg,BYPASS_20260928_V01,BYPASS_20260928_V01_B04,test,2033.0
BYPASS_20260928_V01_F02061,frame_02061.jpg,BYPASS_20260928_V01,BYPASS_20260928_V01_B04,test,2061.0
BYPASS_20260928_V01_F02086,frame_02086.jpg,BYPASS_20260928_V01,BYPASS_20260928_V01_B04,test,2086.0
BYPASS_20260928_V01_F02112,frame_02112.jpg,BYPASS_20260928_V01,BYPASS_20260928_V01_B04,test,2112.0
BYPASS_20260928_V01_F02138,frame_02138.jpg,BYPASS_20260928_V01,BYPASS_20260928_V01_B04,test,2138.0
BYPASS_20260928_V01_F02163,frame_02163.jpg,BYPASS_20260928_V01,BYPASS_20260928_V01_B04,test,2163.0
BYPASS_20260928_V01_F02189,frame_02189.jpg,BYPASS_20260928_V01,BYPASS_20260928_V01_B04,test,2189.0
BYPASS_20260928_V01_F02215,frame_02215.jpg,BYPASS_20260928_V01,BYPASS_20260928_V01_B04,test,2215.0
BYPASS_20260928_V01_F02240,frame_02240.jpg,BYPASS_20260928_V01,BYPASS_20260928_V01_B04,test,2240.0
BYPASS_20260928_V01_F02266,frame_02266.jpg,BYPASS_20260928_V01,BYPASS_20260928_V01_B04,test,2266.0
BYPASS_20260928_V01_F02292,frame_02292.jpg,BYPASS_20260928_V01,BYPASS_20260928_V01_B04,test,2292.0
BYPASS_20260928_V01_F02317,frame_02317.jpg,BYPASS_20260928_V01,BYPASS_20260928_V01_B04,test,2317.0
BYPASS_20260928_V01_F02343,frame_02343.jpg,BYPASS_20260928_V01,BYPASS_20260928_V01_B04,test,2343.0
BYPASS_20260928_V01_F02369,frame_02369.jpg,BYPASS_20260928_V01,BYPASS_20260928_V01_B04,test,2369.0
BYPASS_20260928_V01_F02394,frame_02394.jpg,BYPASS_20260928_V01,BYPASS_20260928_V01_B04,test,2394.0
BYPASS_20260928_V01_F02420,frame_02420.jpg,BYPASS_20260928_V01,BYPASS_20260928_V01_B04,test,2420.0
BYPASS_20260928_V01_F02446,frame_02446.jpg,BYPASS_20260928_V01,BYPASS_20260928_V01_B04,test,2446.0
BYPASS_20260928_V01_F00017,frame_00017.jpg,BYPASS_20260928_V01,BYPASS_20260928_V01_B01,train,17.0
BYPASS_20260928_V01_F00031,frame_00031.jpg,BYPASS_20260928_V01,BYPASS_20260928_V01_B01,train,31.0
BYPASS_20260928_V01_F00045,frame_00045.jpg,BYPASS_20260928_V01,BYPASS_20260928_V01_B01,train,45.0
BYPASS_20260928_V01_F00060,frame_00060.jpg,BYPASS_20260928_V01,BYPASS_20260928_V01_B01,train,60.0
BYPASS_20260928_V01_F00074,frame_00074.jpg,BYPASS_20260928_V01,BYPASS_20260928_V01_B01,train,74.0
BYPASS_20260928_V01_F00088,frame_00088.jpg,BYPASS_20260928_V01,BYPASS_20260928_V01_B01,train,88.0
BYPASS_20260928_V01_F00102,frame_00102.jpg,BYPASS_20260928_V01,BYPASS_20260928_V01_B01,train,102.0
BYPASS_20260928_V01_F00117,frame_00117.jpg,BYPASS_20260928_V01,BYPASS_20260928_V01_B01,train,117.0
BYPASS_20260928_V01_F00131,frame_00131.jpg,BYPASS_20260928_V01,BYPASS_20260928_V01_B01,train,131.0
BYPASS_20260928_V01_F00145,frame_00145.jpg,BYPASS_20260928_V01,BYPASS_20260928_V01_B01,train,145.0
BYPASS_20260928_V01_F00159,frame_00159.jpg,BYPASS_20260928_V01,BYPASS_20260928_V01_B01,train,159.0
BYPASS_20260928_V01_F00174,frame_00174.jpg,BYPASS_20260928_V01,BYPASS_20260928_V01_B01,train,174.0
BYPASS_20260928_V01_F00188,frame_00188.jpg,BYPASS_20260928_V01,BYPASS_20260928_V01_B01,train,188.0
BYPASS_20260928_V01_F00202,frame_00202.jpg,BYPASS_20260928_V01,BYPASS_20260928_V01_B01,train,202.0
BYPASS_20260928_V01_F00216,frame_00216.jpg,BYPASS_20260928_V01,BYPASS_20260928_V01_B01,train,216.0
BYPASS_20260928_V01_F00231,frame_00231.jpg,BYPASS_20260928_V01,BYPASS_20260928_V01_B01,train,231.0
BYPASS_20260928_V01_F00245,frame_00245.jpg,BYPASS_20260928_V01,BYPASS_20260928_V01_B01,train,245.0
BYPASS_20260928_V01_F00259,frame_00259.jpg,BYPASS_20260928_V01,BYPASS_20260928_V01_B01,train,259.0
BYPASS_20260928_V01_F00273,frame_00273.jpg,BYPASS_20260928_V01,BYPASS_20260928_V01_B01,train,273.0
BYPASS_20260928_V01_F00288,frame_00288.jpg,BYPASS_20260928_V01,BYPASS_20260928_V01_B01,train,288.0
BYPASS_20260928_V01_F00302,frame_00302.jpg,BYPASS_20260928_V01,BYPASS_20260928_V01_B01,train,302.0
BYPASS_20260928_V01_F00316,frame_00316.jpg,BYPASS_20260928_V01,BYPASS_20260928_V01_B01,train,316.0
BYPASS_20260928_V01_F00330,frame_00330.jpg,BYPASS_20260928_V01,BYPASS_20260928_V01_B01,train,330.0
BYPASS_20260928_V01_F00345,frame_00345.jpg,BYPASS_20260928_V01,BYPASS_20260928_V01_B01,train,345.0
BYPASS_20260928_V01_F00359,frame_00359.jpg,BYPASS_20260928_V01,BYPASS_20260928_V01_B01,train,359.0
BYPASS_20260928_V01_F00373,frame_00373.jpg,BYPASS_20260928_V01,BYPASS_20260928_V01_B01,train,373.0
BYPASS_20260928_V01_F00387,frame_00387.jpg,BYPASS_20260928_V01,BYPASS_20260928_V01_B01,train,387.0
BYPASS_20260928_V01_F00402,frame_00402.jpg,BYPASS_20260928_V01,BYPASS_20260928_V01_B01,train,402.0
BYPASS_20260928_V01_F00416,frame_00416.jpg,BYPASS_20260928_V01,BYPASS_20260928_V01_B01,train,416.0
BYPASS_20260928_V01_F00430,frame_00430.jpg,BYPASS_20260928_V01,BYPASS_20260928_V01_B01,train,430.0
BYPASS_20260928_V01_F00445,frame_00445.jpg,BYPASS_20260928_V01,BYPASS_20260928_V01_B01,train,445.0
BYPASS_20260928_V01_F00459,frame_00459.jpg,BYPASS_20260928_V01,BYPASS_20260928_V01_B01,train,459.0
BYPASS_20260928_V01_F00473,frame_00473.jpg,BYPASS_20260928_V01,BYPASS_20260928_V01_B01,train,473.0
BYPASS_20260928_V01_F00487,frame_00487.jpg,BYPASS_20260928_V01,BYPASS_20260928_V01_B01,train,487.0
BYPASS_20260928_V01_F00502,frame_00502.jpg,BYPASS_20260928_V01,BYPASS_20260928_V01_B01,train,502.0
BYPASS_20260928_V01_F00516,frame_00516.jpg,BYPASS_20260928_V01,BYPASS_20260928_V01_B01,train,516.0
BYPASS_20260928_V01_F00530,frame_00530.jpg,BYPASS_20260928_V01,BYPASS_20260928_V01_B01,train,530.0
BYPASS_20260928_V01_F00544,frame_00544.jpg,BYPASS_20260928_V01,BYPASS_20260928_V01_B01,train,544.0
BYPASS_20260928_V01_F00559,frame_00559.jpg,BYPASS_20260928_V01,BYPASS_20260928_V01_B01,train,559.0
BYPASS_20260928_V01_F00632,frame_00632.jpg,BYPASS_20260928_V01,BYPASS_20260928_V01_B02,train,632.0
BYPASS_20260928_V01_F00646,frame_00646.jpg,BYPASS_20260928_V01,BYPASS_20260928_V01_B02,train,646.0
BYPASS_20260928_V01_F00660,frame_00660.jpg,BYPASS_20260928_V01,BYPASS_20260928_V01_B02,train,660.0
BYPASS_20260928_V01_F00675,frame_00675.jpg,BYPASS_20260928_V01,BYPASS_20260928_V01_B02,train,675.0
BYPASS_20260928_V01_F00689,frame_00689.jpg,BYPASS_20260928_V01,BYPASS_20260928_V01_B02,train,689.0
BYPASS_20260928_V01_F00703,frame_00703.jpg,BYPASS_20260928_V01,BYPASS_20260928_V01_B02,train,703.0
BYPASS_20260928_V01_F00717,frame_00717.jpg,BYPASS_20260928_V01,BYPASS_20260928_V01_B02,train,717.0
BYPASS_20260928_V01_F00732,frame_00732.jpg,BYPASS_20260928_V01,BYPASS_20260928_V01_B02,train,732.0
BYPASS_20260928_V01_F00746,frame_00746.jpg,BYPASS_20260928_V01,BYPASS_20260928_V01_B02,train,746.0
BYPASS_20260928_V01_F00760,frame_00760.jpg,BYPASS_20260928_V01,BYPASS_20260928_V01_B02,train,760.0
BYPASS_20260928_V01_F00774,frame_00774.jpg,BYPASS_20260928_V01,BYPASS_20260928_V01_B02,train,774.0
BYPASS_20260928_V01_F00789,frame_00789.jpg,BYPASS_20260928_V01,BYPASS_20260928_V01_B02,train,789.0
BYPASS_20260928_V01_F00803,frame_00803.jpg,BYPASS_20260928_V01,BYPASS_20260928_V01_B02,train,803.0
BYPASS_20260928_V01_F00817,frame_00817.jpg,BYPASS_20260928_V01,BYPASS_20260928_V01_B02,train,817.0
BYPASS_20260928_V01_F00832,frame_00832.jpg,BYPASS_20260928_V01,BYPASS_20260928_V01_B02,train,832.0
BYPASS_20260928_V01_F00855,frame_00855.jpg,BYPASS_20260928_V01,BYPASS_20260928_V01_B02,train,855.0
BYPASS_20260928_V01_F00869,frame_00869.jpg,BYPASS_20260928_V01,BYPASS_20260928_V01_B02,train,869.0
BYPASS_20260928_V01_F00883,frame_00883.jpg,BYPASS_20260928_V01,BYPASS_20260928_V01_B02,train,883.0
BYPASS_20260928_V01_F00898,frame_00898.jpg,BYPASS_20260928_V01,BYPASS_20260928_V01_B02,train,898.0
BYPASS_20260928_V01_F00912,frame_00912.jpg,BYPASS_20260928_V01,BYPASS_20260928_V01_B02,train,912.0
BYPASS_20260928_V01_F00926,frame_00926.jpg,BYPASS_20260928_V01,BYPASS_20260928_V01_B02,train,926.0
BYPASS_20260928_V01_F00940,frame_00940.jpg,BYPASS_20260928_V01,BYPASS_20260928_V01_B02,train,940.0
BYPASS_20260928_V01_F00955,frame_00955.jpg,BYPASS_20260928_V01,BYPASS_20260928_V01_B02,train,955.0
BYPASS_20260928_V01_F00969,frame_00969.jpg,BYPASS_20260928_V01,BYPASS_20260928_V01_B02,train,969.0
BYPASS_20260928_V01_F00983,frame_00983.jpg,BYPASS_20260928_V01,BYPASS_20260928_V01_B02,train,983.0
BYPASS_20260928_V01_F00997,frame_00997.jpg,BYPASS_20260928_V01,BYPASS_20260928_V01_B02,train,997.0
BYPASS_20260928_V01_F01012,frame_01012.jpg,BYPASS_20260928_V01,BYPASS_20260928_V01_B02,train,1012.0
BYPASS_20260928_V01_F01026,frame_01026.jpg,BYPASS_20260928_V01,BYPASS_20260928_V01_B02,train,1026.0
BYPASS_20260928_V01_F01040,frame_01040.jpg,BYPASS_20260928_V01,BYPASS_20260928_V01_B02,train,1040.0
BYPASS_20260928_V01_F01054,frame_01054.jpg,BYPASS_20260928_V01,BYPASS_20260928_V01_B02,train,1054.0
BYPASS_20260928_V01_F01069,frame_01069.jpg,BYPASS_20260928_V01,BYPASS_20260928_V01_B02,train,1069.0
BYPASS_20260928_V01_F01083,frame_01083.jpg,BYPASS_20260928_V01,BYPASS_20260928_V01_B02,train,1083.0
BYPASS_20260928_V01_F01097,frame_01097.jpg,BYPASS_20260928_V01,BYPASS_20260928_V01_B02,train,1097.0
BYPASS_20260928_V01_F01111,frame_01111.jpg,BYPASS_20260928_V01,BYPASS_20260928_V01_B02,train,1111.0
BYPASS_20260928_V01_F01126,frame_01126.jpg,BYPASS_20260928_V01,BYPASS_20260928_V01_B02,train,1126.0
BYPASS_20260928_V01_F01140,frame_01140.jpg,BYPASS_20260928_V01,BYPASS_20260928_V01_B02,train,1140.0
BYPASS_20260928_V01_F01154,frame_01154.jpg,BYPASS_20260928_V01,BYPASS_20260928_V01_B02,train,1154.0
BYPASS_20260928_V01_F01168,frame_01168.jpg,BYPASS_20260928_V01,BYPASS_20260928_V01_B02,train,1168.0
BYPASS_20260928_V01_F01242,frame_01242.jpg,BYPASS_20260928_V01,BYPASS_20260928_V01_B03,val,1242.0
BYPASS_20260928_V01_F01270,frame_01270.jpg,BYPASS_20260928_V01,BYPASS_20260928_V01_B03,val,1270.0
BYPASS_20260928_V01_F01299,frame_01299.jpg,BYPASS_20260928_V01,BYPASS_20260928_V01_B03,val,1299.0
BYPASS_20260928_V01_F01327,frame_01327.jpg,BYPASS_20260928_V01,BYPASS_20260928_V01_B03,val,1327.0
BYPASS_20260928_V01_F01356,frame_01356.jpg,BYPASS_20260928_V01,BYPASS_20260928_V01_B03,val,1356.0
BYPASS_20260928_V01_F01384,frame_01384.jpg,BYPASS_20260928_V01,BYPASS_20260928_V01_B03,val,1384.0
BYPASS_20260928_V01_F01413,frame_01413.jpg,BYPASS_20260928_V01,BYPASS_20260928_V01_B03,val,1413.0
BYPASS_20260928_V01_F01441,frame_01441.jpg,BYPASS_20260928_V01,BYPASS_20260928_V01_B03,val,1441.0
BYPASS_20260928_V01_F01470,frame_01470.jpg,BYPASS_20260928_V01,BYPASS_20260928_V01_B03,val,1470.0
BYPASS_20260928_V01_F01498,frame_01498.jpg,BYPASS_20260928_V01,BYPASS_20260928_V01_B03,val,1498.0
BYPASS_20260928_V01_F01527,frame_01527.jpg,BYPASS_20260928_V01,BYPASS_20260928_V01_B03,val,1527.0
BYPASS_20260928_V01_F01555,frame_01555.jpg,BYPASS_20260928_V01,BYPASS_20260928_V01_B03,val,1555.0
BYPASS_20260928_V01_F01584,frame_01584.jpg,BYPASS_20260928_V01,BYPASS_20260928_V01_B03,val,1584.0
BYPASS_20260928_V01_F01612,frame_01612.jpg,BYPASS_20260928_V01,BYPASS_20260928_V01_B03,val,1612.0
BYPASS_20260928_V01_F01641,frame_01641.jpg,BYPASS_20260928_V01,BYPASS_20260928_V01_B03,val,1641.0
BYPASS_20260928_V01_F01669,frame_01669.jpg,BYPASS_20260928_V01,BYPASS_20260928_V01_B03,val,1669.0
BYPASS_20260928_V01_F01698,frame_01698.jpg,BYPASS_20260928_V01,BYPASS_20260928_V01_B03,val,1698.0
BYPASS_20260928_V01_F01726,frame_01726.jpg,BYPASS_20260928_V01,BYPASS_20260928_V01_B03,val,1726.0
BYPASS_20260928_V01_F01755,frame_01755.jpg,BYPASS_20260928_V01,BYPASS_20260928_V01_B03,val,1755.0
