filename,motivo
frame_00835.jpg,CAMARA_EVENTO
frame_00836.jpg,CAMARA_EVENTO
frame_00837.jpg,CAMARA_EVENTO
frame_00838.jpg,CAMARA_EVENTO
frame_00839.jpg,CAMARA_EVENTO
frame_00840.jpg,CAMARA_EVENTO
frame_00841.jpg,CAMARA_EVENTO
frame_00842.jpg,CAMARA_EVENTO
frame_00843.jpg,CAMARA_EVENTO
frame_01201.jpg,CAMARA_EVENTO
frame_01202.jpg,CAMARA_EVENTO
frame_01203.jpg,CAMARA_EVENTO
frame_01783.jpg,CAMARA_EVENTO
frame_01790.jpg,CAMARA_EVENTO
frame_01856.jpg,CAMARA_EVENTO
frame_01857.jpg,CAMARA_EVENTO
frame_01949.jpg,CAMARA_EVENTO
frame_01950.jpg,CAMARA_EVENTO
frame_02036.jpg,CAMARA_EVENTO
frame_02037.jpg,CAMARA_EVENTO
