filename,segundo,luminancia,nitidez,motivo_sugerido
frame_00081.jpg,81.0,151.03194058641975,888.3749446357049,LUMINANCIA_ATIPICA
frame_00249.jpg,249.0,150.69027391975308,1018.6569390932174,LUMINANCIA_ATIPICA
frame_00250.jpg,250.0,154.6485050154321,1020.6581654925552,LUMINANCIA_ATIPICA
frame_00251.jpg,251.0,155.5479899691358,1026.0962750720664,LUMINANCIA_ATIPICA
frame_00252.jpg,252.0,153.90212191358026,1052.1082361394508,LUMINANCIA_ATIPICA
frame_00253.jpg,253.0,152.02797839506172,1084.0309451472249,LUMINANCIA_ATIPICA
frame_00254.jpg,254.0,151.4944077932099,1066.1983349428942,LUMINANCIA_ATIPICA
frame_00339.jpg,339.0,151.90836419753086,903.033828221268,LUMINANCIA_ATIPICA
frame_00341.jpg,341.0,150.89054398148147,793.7822260685773,LUMINANCIA_ATIPICA
frame_00343.jpg,343.0,151.02909529320988,761.3559932436341,LUMINANCIA_ATIPICA
frame_00344.jpg,344.0,151.31634066358023,807.7895845054726,LUMINANCIA_ATIPICA
frame_00345.jpg,345.0,151.1467264660494,773.3346456295812,LUMINANCIA_ATIPICA
frame_00346.jpg,346.0,152.64413194444444,806.7272737482521,LUMINANCIA_ATIPICA
frame_00347.jpg,347.0,153.0941763117284,814.9856857330744,LUMINANCIA_ATIPICA
frame_00348.jpg,348.0,153.2304610339506,799.7442354118107,LUMINANCIA_ATIPICA
frame_00349.jpg,349.0,154.28543209876543,809.5085095093126,LUMINANCIA_ATIPICA
frame_00350.jpg,350.0,154.93421875,789.7528583675672,LUMINANCIA_ATIPICA
frame_00351.jpg,351.0,154.2932638888889,861.28577021167,LUMINANCIA_ATIPICA
frame_00352.jpg,352.0,154.49043209876544,810.2682090799289,LUMINANCIA_ATIPICA
frame_00353.jpg,353.0,151.26023533950618,829.1929975241958,LUMINANCIA_ATIPICA
frame_00354.jpg,354.0,151.83900848765433,794.6975366190512,LUMINANCIA_ATIPICA
frame_00355.jpg,355.0,150.4615914351852,870.7880047403547,LUMINANCIA_ATIPICA
frame_00356.jpg,356.0,151.1508487654321,837.2797714824065,LUMINANCIA_ATIPICA
frame_00378.jpg,378.0,150.53664544753087,841.9914403158219,LUMINANCIA_ATIPICA
frame_00379.jpg,379.0,151.41710069444446,856.3111484309362,LUMINANCIA_ATIPICA
frame_00380.jpg,380.0,151.9999826388889,850.6941051413498,LUMINANCIA_ATIPICA
frame_00382.jpg,382.0,151.19163580246914,920.7469366131304,LUMINANCIA_ATIPICA
frame_00383.jpg,383.0,151.17487075617285,898.4639964259542,LUMINANCIA_ATIPICA
frame_00385.jpg,385.0,152.39018711419754,808.8303331502522,LUMINANCIA_ATIPICA
frame_00386.jpg,386.0,152.87314236111112,773.1571299575465,LUMINANCIA_ATIPICA
frame_00456.jpg,456.0,152.52722222222224,1094.0397915487674,LUMINANCIA_ATIPICA
frame_00457.jpg,457.0,155.2324382716049,1108.0457984795926,LUMINANCIA_ATIPICA
frame_00458.jpg,458.0,158.85508101851852,1030.2592941542553,LUMINANCIA_ATIPICA
frame_00459.jpg,459.0,161.40014660493827,1072.0733448023836,LUMINANCIA_ATIPICA
frame_00460.jpg,460.0,161.55324266975308,1092.6471313128673,LUMINANCIA_ATIPICA
frame_00461.jpg,461.0,161.09800925925927,1151.4671356951685,LUMINANCIA_ATIPICA
frame_00462.jpg,462.0,160.49785493827162,1088.5582678054054,LUMINANCIA_ATIPICA
frame_00463.jpg,463.0,159.42974537037037,1127.0316694543535,LUMINANCIA_ATIPICA
frame_00464.jpg,464.0,157.2980613425926,1058.3458640367649,LUMINANCIA_ATIPICA
frame_00465.jpg,465.0,154.92271026234567,1096.102550306584,LUMINANCIA_ATIPICA
frame_00466.jpg,466.0,153.61001543209878,1089.8368868860164,LUMINANCIA_ATIPICA
frame_00467.jpg,467.0,152.24286072530865,1083.5549752401407,LUMINANCIA_ATIPICA
frame_00468.jpg,468.0,151.7210011574074,1063.988281407402,LUMINANCIA_ATIPICA
frame_00469.jpg,469.0,152.74217206790124,1057.0492042350722,LUMINANCIA_ATIPICA
frame_00470.jpg,470.0,153.9338040123457,1091.5417884630176,LUMINANCIA_ATIPICA
frame_00471.jpg,471.0,155.57803240740742,1060.2295331087248,LUMINANCIA_ATIPICA
frame_00472.jpg,472.0,157.34484953703705,1089.9580056945715,LUMINANCIA_ATIPICA
frame_00473.jpg,473.0,156.49979552469136,1117.567768161234,LUMINANCIA_ATIPICA
frame_00833.jpg,833.0,167.07757908950617,1349.4279250161608,LUMINANCIA_ATIPICA
frame_00971.jpg,971.0,119.54517168209875,1619.7182770168752,LUMINANCIA_ATIPICA
frame_00972.jpg,972.0,118.70844907407408,1616.2519742971572,LUMINANCIA_ATIPICA
frame_00974.jpg,974.0,120.26976466049383,1578.5009597834824,LUMINANCIA_ATIPICA
frame_00975.jpg,975.0,119.04895061728396,1584.6771942876794,LUMINANCIA_ATIPICA
frame_00976.jpg,976.0,118.60798032407408,1564.5189986737444,LUMINANCIA_ATIPICA
frame_00977.jpg,977.0,117.62577546296296,1463.5148673453336,LUMINANCIA_ATIPICA
frame_00978.jpg,978.0,117.45124035493828,1502.9293605609264,LUMINANCIA_ATIPICA
frame_00979.jpg,979.0,115.4369849537037,1460.3426238293605,LUMINANCIA_ATIPICA
frame_00980.jpg,980.0,118.69250192901237,1358.1372905078265,LUMINANCIA_ATIPICA
frame_00981.jpg,981.0,118.76078317901236,1385.7937101332086,LUMINANCIA_ATIPICA
frame_01073.jpg,1073.0,119.57670331790123,1486.7150118674117,LUMINANCIA_ATIPICA
frame_01079.jpg,1079.0,120.09518904320988,1381.126920168714,LUMINANCIA_ATIPICA
frame_01080.jpg,1080.0,119.82704861111112,1344.0338588663085,LUMINANCIA_ATIPICA
frame_01082.jpg,1082.0,119.49371527777778,1406.6993879043634,LUMINANCIA_ATIPICA
frame_01084.jpg,1084.0,119.12348958333334,1450.2511428088326,LUMINANCIA_ATIPICA
frame_01085.jpg,1085.0,118.45115162037035,1500.6545652287143,LUMINANCIA_ATIPICA
frame_01199.jpg,1199.0,118.21673225308642,1485.925944872161,LUMINANCIA_ATIPICA
frame_01200.jpg,1200.0,115.67374614197531,1415.447815524616,LUMINANCIA_ATIPICA
frame_01420.jpg,1420.0,120.23960648148147,1791.367608979136,LUMINANCIA_ATIPICA
frame_01430.jpg,1430.0,120.02002314814816,1635.7253788463552,LUMINANCIA_ATIPICA
frame_01858.jpg,1858.0,119.33199459876543,2087.2833708826306,LUMINANCIA_ATIPICA
frame_01859.jpg,1859.0,116.9635686728395,2001.0940633090988,LUMINANCIA_ATIPICA
frame_01860.jpg,1860.0,117.34122685185186,1808.6604122769577,LUMINANCIA_ATIPICA
frame_01861.jpg,1861.0,116.96743055555557,1805.0144867469107,LUMINANCIA_ATIPICA
frame_01862.jpg,1862.0,115.62906442901236,1709.519523531238,LUMINANCIA_ATIPICA
frame_01863.jpg,1863.0,116.31180748456792,1746.384770517186,LUMINANCIA_ATIPICA
frame_01864.jpg,1864.0,118.5368962191358,1731.6274077784412,LUMINANCIA_ATIPICA
frame_01865.jpg,1865.0,118.98012924382716,1725.1705020075412,LUMINANCIA_ATIPICA
frame_01866.jpg,1866.0,119.49809606481482,1691.1936495884736,LUMINANCIA_ATIPICA
frame_01867.jpg,1867.0,118.6152739197531,1697.8522685142168,LUMINANCIA_ATIPICA
frame_01868.jpg,1868.0,118.6063985339506,1802.1627279593931,LUMINANCIA_ATIPICA
frame_01869.jpg,1869.0,118.50061342592592,1514.224485984888,LUMINANCIA_ATIPICA
frame_01947.jpg,1947.0,118.35163773148147,1954.8751143099223,LUMINANCIA_ATIPICA
frame_01948.jpg,1948.0,116.68868827160492,1878.4551046364024,LUMINANCIA_ATIPICA
frame_01959.jpg,1959.0,120.12508101851851,1879.2236589195231,LUMINANCIA_ATIPICA
frame_01966.jpg,1966.0,120.36886766975309,1894.727143704216,LUMINANCIA_ATIPICA
frame_02095.jpg,2095.0,120.200262345679,1536.641170375714,LUMINANCIA_ATIPICA
frame_02096.jpg,2096.0,117.16265625,1547.0789489764172,LUMINANCIA_ATIPICA
frame_02097.jpg,2097.0,115.0542824074074,1505.8182068243243,LUMINANCIA_ATIPICA
frame_02098.jpg,2098.0,114.30462191358023,1477.785075552533,LUMINANCIA_ATIPICA
frame_02099.jpg,2099.0,112.86928047839504,1591.9776606478472,LUMINANCIA_ATIPICA
frame_02100.jpg,2100.0,113.2722762345679,1558.456112746303,LUMINANCIA_ATIPICA
frame_02101.jpg,2101.0,116.85174575617285,1574.397475153234,LUMINANCIA_ATIPICA
frame_02102.jpg,2102.0,120.2544888117284,1527.0403586758966,LUMINANCIA_ATIPICA
frame_02103.jpg,2103.0,119.34850694444444,1515.584122097369,LUMINANCIA_ATIPICA
frame_02114.jpg,2114.0,120.25687885802468,1522.133891031997,LUMINANCIA_ATIPICA
frame_02123.jpg,2123.0,119.74226466049384,1560.5534221512196,LUMINANCIA_ATIPICA
frame_02125.jpg,2125.0,118.82719714506172,1593.7086265140033,LUMINANCIA_ATIPICA
frame_02168.jpg,2168.0,120.20043209876545,1522.12444377902,LUMINANCIA_ATIPICA
