segmento,inicio_s,fin_s,duracion_s,fotogramas,respuesta_media,tipo,frame_rep,dx_vs_primer_estable_px,dy_vs_primer_estable_px,respuesta_vs_primer_estable
1,5.0,5.0,1.0,1,1.0,TRANSICION,frame_00005.jpg,0.7,-55.0,0.419
2,6.0,7.0,2.0,2,0.797,TRANSICION,frame_00007.jpg,-1.0,-43.8,0.396
3,8.0,8.0,1.0,1,0.037,TRANSICION,frame_00008.jpg,20.6,-57.8,0.006
4,9.0,9.0,1.0,1,0.723,TRANSICION,frame_00009.jpg,-38.1,-63.0,0.022
5,10.0,17.0,8.0,8,0.703,TRANSICION,frame_00014.jpg,22.7,-21.6,0.004
6,18.0,18.0,1.0,1,0.695,TRANSICION,frame_00018.jpg,-125.1,-10.8,0.002
7,19.0,23.0,5.0,5,0.731,TRANSICION,frame_00021.jpg,35.3,-54.4,0.017
8,24.0,24.0,1.0,1,0.822,TRANSICION,frame_00024.jpg,-5.9,-17.6,0.035
9,25.0,26.0,2.0,2,0.85,TRANSICION,frame_00026.jpg,11.8,-7.1,0.008
10,27.0,46.0,20.0,20,0.823,TRANSICION,frame_00037.jpg,-0.9,-11.1,0.023
11,47.0,47.0,1.0,1,0.331,TRANSICION,frame_00047.jpg,2.4,-16.9,-0.005
12,48.0,48.0,1.0,1,0.266,TRANSICION,frame_00048.jpg,-36.9,-81.3,0.029
13,49.0,49.0,1.0,1,0.644,TRANSICION,frame_00049.jpg,-3.3,-35.4,-0.019
14,50.0,50.0,1.0,1,0.676,TRANSICION,frame_00050.jpg,-31.0,-71.8,-0.013
15,51.0,55.0,5.0,5,0.636,TRANSICION,frame_00053.jpg,74.3,-39.4,0.042
16,56.0,56.0,1.0,1,0.707,TRANSICION,frame_00056.jpg,49.4,-87.5,-0.008
17,57.0,58.0,2.0,2,0.723,TRANSICION,frame_00058.jpg,23.7,-85.3,0.049
18,59.0,59.0,1.0,1,0.751,TRANSICION,frame_00059.jpg,22.0,-97.9,0.015
19,60.0,66.0,7.0,7,0.805,TRANSICION,frame_00063.jpg,91.8,-62.4,0.003
20,67.0,67.0,1.0,1,0.827,TRANSICION,frame_00067.jpg,78.9,-46.7,0.011
21,68.0,68.0,1.0,1,0.815,TRANSICION,frame_00068.jpg,-30.9,-55.1,0.029
22,69.0,69.0,1.0,1,0.816,TRANSICION,frame_00069.jpg,-16.1,-49.4,0.018
23,70.0,70.0,1.0,1,0.794,TRANSICION,frame_00070.jpg,67.5,-24.7,0.011
24,71.0,72.0,2.0,2,0.896,TRANSICION,frame_00072.jpg,112.0,-8.4,0.006
25,73.0,75.0,3.0,3,0.861,TRANSICION,frame_00074.jpg,-22.8,-27.9,0.034
26,76.0,77.0,2.0,2,0.818,TRANSICION,frame_00077.jpg,23.9,-1.0,-0.01
27,78.0,87.0,10.0,10,0.763,TRANSICION,frame_00083.jpg,-3.9,-16.9,0.057
28,88.0,88.0,1.0,1,0.84,TRANSICION,frame_00088.jpg,35.1,-12.8,0.003
29,89.0,89.0,1.0,1,0.825,TRANSICION,frame_00089.jpg,27.8,28.5,-0.012
30,90.0,94.0,5.0,5,0.865,TRANSICION,frame_00092.jpg,-15.0,-3.6,0.057
31,95.0,95.0,1.0,1,0.884,TRANSICION,frame_00095.jpg,24.0,29.0,-0.012
32,96.0,96.0,1.0,1,0.625,TRANSICION,frame_00096.jpg,-4.0,56.8,0.027
33,97.0,97.0,1.0,1,0.52,TRANSICION,frame_00097.jpg,23.8,19.0,0.02
34,98.0,98.0,1.0,1,0.806,TRANSICION,frame_00098.jpg,23.5,4.8,0.007
35,99.0,106.0,8.0,8,0.79,TRANSICION,frame_00103.jpg,-8.3,-19.2,0.024
36,107.0,107.0,1.0,1,0.809,TRANSICION,frame_00107.jpg,-25.1,4.9,0.008
37,108.0,108.0,1.0,1,0.797,TRANSICION,frame_00108.jpg,-43.3,10.8,0.026
38,109.0,109.0,1.0,1,0.831,TRANSICION,frame_00109.jpg,-31.9,14.1,0.012
39,110.0,132.0,23.0,23,0.902,TRANSICION,frame_00121.jpg,-37.4,39.0,0.006
40,133.0,133.0,1.0,1,0.934,TRANSICION,frame_00133.jpg,-10.7,29.8,0.059
41,134.0,134.0,1.0,1,0.78,TRANSICION,frame_00134.jpg,-33.9,16.9,0.059
42,135.0,135.0,1.0,1,0.77,TRANSICION,frame_00135.jpg,-9.5,-32.0,0.032
43,136.0,136.0,1.0,1,0.771,TRANSICION,frame_00136.jpg,65.8,8.6,0.036
44,137.0,138.0,2.0,2,0.77,TRANSICION,frame_00138.jpg,44.8,3.1,0.01
45,139.0,139.0,1.0,1,0.37,TRANSICION,frame_00139.jpg,-25.4,-3.6,0.009
46,140.0,140.0,1.0,1,0.537,TRANSICION,frame_00140.jpg,49.0,12.9,0.007
47,141.0,141.0,1.0,1,0.696,TRANSICION,frame_00141.jpg,57.4,-34.8,0.025
48,142.0,142.0,1.0,1,0.814,TRANSICION,frame_00142.jpg,112.2,4.3,-0.0
49,143.0,143.0,1.0,1,0.61,TRANSICION,frame_00143.jpg,-32.3,-43.6,-0.008
50,144.0,145.0,2.0,2,0.754,TRANSICION,frame_00145.jpg,11.8,-53.0,0.038
51,146.0,146.0,1.0,1,0.727,TRANSICION,frame_00146.jpg,103.2,-21.7,-0.031
52,147.0,153.0,7.0,7,0.746,TRANSICION,frame_00150.jpg,-7.0,-40.9,0.024
53,154.0,156.0,3.0,3,0.749,TRANSICION,frame_00155.jpg,-9.0,-38.2,0.046
54,157.0,160.0,4.0,4,0.795,TRANSICION,frame_00159.jpg,30.1,-35.9,0.038
55,161.0,163.0,3.0,3,0.802,TRANSICION,frame_00162.jpg,-7.5,-29.9,0.043
56,164.0,164.0,1.0,1,0.77,TRANSICION,frame_00164.jpg,-23.1,0.9,0.014
57,165.0,165.0,1.0,1,0.749,TRANSICION,frame_00165.jpg,12.1,-17.4,0.033
58,166.0,167.0,2.0,2,0.73,TRANSICION,frame_00167.jpg,38.5,-17.8,0.037
59,168.0,183.0,16.0,16,0.758,TRANSICION,frame_00176.jpg,-5.1,-80.9,0.022
60,184.0,184.0,1.0,1,0.69,TRANSICION,frame_00184.jpg,-13.3,-24.9,0.02
61,185.0,185.0,1.0,1,0.607,TRANSICION,frame_00185.jpg,-13.0,-22.3,0.018
62,186.0,189.0,4.0,4,0.83,TRANSICION,frame_00188.jpg,-2.3,-38.5,0.011
63,190.0,195.0,6.0,6,0.797,TRANSICION,frame_00193.jpg,-2.8,-28.5,0.03
64,196.0,196.0,1.0,1,0.772,TRANSICION,frame_00196.jpg,-3.1,-41.1,0.04
65,197.0,202.0,6.0,6,0.71,TRANSICION,frame_00200.jpg,10.7,-30.4,0.025
66,203.0,203.0,1.0,1,0.662,TRANSICION,frame_00203.jpg,-24.2,-9.4,-0.004
67,204.0,209.0,6.0,6,0.68,TRANSICION,frame_00207.jpg,0.0,-48.7,0.05
68,210.0,210.0,1.0,1,0.695,TRANSICION,frame_00210.jpg,22.4,-25.8,0.008
69,211.0,213.0,3.0,3,0.726,TRANSICION,frame_00212.jpg,-0.3,-1.3,0.021
70,214.0,214.0,1.0,1,0.756,TRANSICION,frame_00214.jpg,66.0,0.2,0.014
71,215.0,215.0,1.0,1,0.775,TRANSICION,frame_00215.jpg,10.4,-8.3,0.039
72,216.0,221.0,6.0,6,0.821,TRANSICION,frame_00219.jpg,24.1,0.4,-0.023
73,222.0,222.0,1.0,1,0.838,TRANSICION,frame_00222.jpg,-37.6,-14.3,0.028
74,223.0,224.0,2.0,2,0.81,TRANSICION,frame_00224.jpg,38.0,-1.5,0.029
75,225.0,225.0,1.0,1,0.817,TRANSICION,frame_00225.jpg,-7.7,-36.0,0.042
76,226.0,226.0,1.0,1,0.822,TRANSICION,frame_00226.jpg,-7.2,-38.4,0.081
77,227.0,227.0,1.0,1,0.794,TRANSICION,frame_00227.jpg,-5.3,-35.1,0.013
78,228.0,236.0,9.0,9,0.776,TRANSICION,frame_00232.jpg,-72.5,-28.6,0.013
79,237.0,247.0,11.0,11,0.775,TRANSICION,frame_00242.jpg,444.0,241.8,0.0
80,248.0,250.0,3.0,3,0.792,TRANSICION,frame_00249.jpg,-19.4,2.5,-0.007
81,251.0,265.0,15.0,15,0.809,TRANSICION,frame_00258.jpg,76.4,-38.3,0.037
82,266.0,269.0,4.0,4,0.751,TRANSICION,frame_00268.jpg,-19.1,-34.0,0.037
83,270.0,286.0,17.0,17,0.783,TRANSICION,frame_00278.jpg,-2.2,1.5,-0.01
84,287.0,293.0,7.0,7,0.741,TRANSICION,frame_00290.jpg,39.1,-1.6,0.042
85,294.0,297.0,4.0,4,0.831,TRANSICION,frame_00296.jpg,64.6,46.0,0.014
86,298.0,298.0,1.0,1,0.903,TRANSICION,frame_00298.jpg,-50.7,18.2,0.023
87,299.0,299.0,1.0,1,0.855,TRANSICION,frame_00299.jpg,-19.5,14.8,0.053
88,300.0,303.0,4.0,4,0.893,TRANSICION,frame_00302.jpg,0.5,8.0,0.01
89,304.0,304.0,1.0,1,0.881,TRANSICION,frame_00304.jpg,-20.1,30.2,-0.007
90,305.0,305.0,1.0,1,0.858,TRANSICION,frame_00305.jpg,39.6,3.7,0.029
91,306.0,307.0,2.0,2,0.74,TRANSICION,frame_00307.jpg,-120.2,27.3,-0.016
92,308.0,308.0,1.0,1,0.808,TRANSICION,frame_00308.jpg,-31.3,-61.5,0.001
93,309.0,309.0,1.0,1,0.807,TRANSICION,frame_00309.jpg,-25.4,-18.8,0.006
94,310.0,310.0,1.0,1,0.762,TRANSICION,frame_00310.jpg,17.4,-16.0,-0.022
95,311.0,311.0,1.0,1,0.811,TRANSICION,frame_00311.jpg,-26.8,-33.8,0.048
96,312.0,314.0,3.0,3,0.828,TRANSICION,frame_00313.jpg,-2.7,-28.2,0.023
97,315.0,330.0,16.0,16,0.805,TRANSICION,frame_00323.jpg,-23.0,-36.1,-0.001
98,331.0,331.0,1.0,1,0.787,TRANSICION,frame_00331.jpg,-3.4,14.1,0.06
99,332.0,332.0,1.0,1,0.794,TRANSICION,frame_00332.jpg,-15.3,9.6,0.012
100,333.0,334.0,2.0,2,0.83,TRANSICION,frame_00334.jpg,-55.0,15.0,0.051
101,335.0,335.0,1.0,1,0.84,TRANSICION,frame_00335.jpg,-8.1,33.9,0.038
102,336.0,336.0,1.0,1,0.837,TRANSICION,frame_00336.jpg,-45.0,58.3,0.084
103,337.0,337.0,1.0,1,0.867,TRANSICION,frame_00337.jpg,-48.1,71.3,0.068
104,338.0,338.0,1.0,1,0.668,TRANSICION,frame_00338.jpg,-37.4,46.0,0.03
105,339.0,339.0,1.0,1,0.859,TRANSICION,frame_00339.jpg,-58.9,22.2,0.016
106,340.0,340.0,1.0,1,0.834,TRANSICION,frame_00340.jpg,27.7,-2.5,0.021
107,341.0,351.0,11.0,11,0.811,TRANSICION,frame_00346.jpg,-51.3,-23.0,-0.015
108,352.0,362.0,11.0,11,0.737,TRANSICION,frame_00357.jpg,-53.8,-37.3,0.01
109,363.0,372.0,10.0,10,0.744,TRANSICION,frame_00368.jpg,-9.7,-9.9,0.026
110,373.0,373.0,1.0,1,0.783,TRANSICION,frame_00373.jpg,-57.7,26.4,-0.007
111,374.0,391.0,18.0,18,0.783,TRANSICION,frame_00383.jpg,-84.1,13.3,0.016
112,392.0,392.0,1.0,1,0.668,TRANSICION,frame_00392.jpg,31.7,12.7,0.007
113,393.0,393.0,1.0,1,0.843,TRANSICION,frame_00393.jpg,-46.3,23.9,0.037
114,394.0,394.0,1.0,1,0.766,TRANSICION,frame_00394.jpg,5.2,3.3,0.047
115,395.0,395.0,1.0,1,0.745,TRANSICION,frame_00395.jpg,-2.3,-14.1,0.007
116,396.0,396.0,1.0,1,0.779,TRANSICION,frame_00396.jpg,-28.7,-36.0,0.042
117,397.0,399.0,3.0,3,0.823,TRANSICION,frame_00398.jpg,-0.6,-39.4,0.043
118,400.0,401.0,2.0,2,0.811,TRANSICION,frame_00401.jpg,-20.9,-20.4,0.021
119,402.0,402.0,1.0,1,0.841,TRANSICION,frame_00402.jpg,-28.2,-12.3,0.035
120,403.0,419.0,17.0,17,0.795,TRANSICION,frame_00411.jpg,-32.5,8.0,0.048
121,420.0,420.0,1.0,1,0.768,TRANSICION,frame_00420.jpg,-25.8,4.1,0.018
122,421.0,422.0,2.0,2,0.773,TRANSICION,frame_00422.jpg,98.1,5.0,-0.021
123,423.0,423.0,1.0,1,0.77,TRANSICION,frame_00423.jpg,4.6,-3.8,0.019
124,424.0,428.0,5.0,5,0.532,TRANSICION,frame_00426.jpg,-6.5,41.7,0.482
125,429.0,442.0,14.0,14,0.874,TRANSICION,frame_00436.jpg,-2.1,27.2,0.644
126,443.0,455.0,13.0,13,0.879,TRANSICION,frame_00449.jpg,-16.3,40.3,0.622
127,456.0,456.0,1.0,1,0.891,TRANSICION,frame_00456.jpg,2.6,31.6,0.5
128,457.0,457.0,1.0,1,0.885,TRANSICION,frame_00457.jpg,15.9,29.5,0.612
129,458.0,459.0,2.0,2,0.824,TRANSICION,frame_00459.jpg,21.1,39.8,0.482
130,460.0,460.0,1.0,1,0.916,TRANSICION,frame_00460.jpg,13.0,46.8,0.501
131,461.0,477.0,17.0,17,0.911,TRANSICION,frame_00469.jpg,10.6,55.2,0.445
132,478.0,478.0,1.0,1,0.889,TRANSICION,frame_00478.jpg,0.4,46.0,0.324
133,479.0,480.0,2.0,2,0.696,TRANSICION,frame_00480.jpg,-3.2,32.9,0.475
134,481.0,481.0,1.0,1,0.502,TRANSICION,frame_00481.jpg,15.3,27.5,0.697
135,482.0,483.0,2.0,2,0.631,TRANSICION,frame_00483.jpg,-5.2,23.1,0.507
136,484.0,495.0,12.0,12,0.864,TRANSICION,frame_00490.jpg,13.8,6.7,0.715
137,496.0,509.0,14.0,14,0.884,TRANSICION,frame_00503.jpg,1.9,16.9,0.693
138,510.0,517.0,8.0,8,0.845,TRANSICION,frame_00514.jpg,-19.0,22.0,0.574
139,518.0,518.0,1.0,1,0.797,TRANSICION,frame_00518.jpg,-36.3,25.3,0.64
140,519.0,519.0,1.0,1,0.566,TRANSICION,frame_00519.jpg,-22.8,12.1,0.716
141,520.0,520.0,1.0,1,0.795,TRANSICION,frame_00520.jpg,-11.3,-3.5,0.709
142,521.0,521.0,1.0,1,0.806,TRANSICION,frame_00521.jpg,14.5,0.8,0.708
143,522.0,523.0,2.0,2,0.853,TRANSICION,frame_00523.jpg,41.3,2.6,0.743
144,524.0,524.0,1.0,1,0.856,TRANSICION,frame_00524.jpg,31.9,-8.1,0.753
145,525.0,525.0,1.0,1,0.826,TRANSICION,frame_00525.jpg,23.3,-18.4,0.734
146,526.0,555.0,30.0,30,0.886,ESTABLE,frame_00541.jpg,0.0,0.0,1.0
147,556.0,558.0,3.0,3,0.885,TRANSICION,frame_00557.jpg,-31.9,13.9,0.726
148,559.0,568.0,10.0,10,0.82,TRANSICION,frame_00564.jpg,-27.1,2.2,0.724
149,569.0,569.0,1.0,1,0.853,TRANSICION,frame_00569.jpg,-27.3,8.5,0.574
150,570.0,570.0,1.0,1,0.869,TRANSICION,frame_00570.jpg,-15.3,11.6,0.65
151,571.0,578.0,8.0,8,0.876,TRANSICION,frame_00575.jpg,5.8,21.1,0.605
152,579.0,579.0,1.0,1,0.84,TRANSICION,frame_00579.jpg,-3.0,14.9,0.466
153,580.0,580.0,1.0,1,0.887,TRANSICION,frame_00580.jpg,4.7,19.7,0.42
154,581.0,595.0,15.0,15,0.91,TRANSICION,frame_00588.jpg,22.2,31.2,0.452
155,596.0,597.0,2.0,2,0.904,TRANSICION,frame_00597.jpg,13.8,24.8,0.462
156,598.0,603.0,6.0,6,0.947,TRANSICION,frame_00601.jpg,24.9,25.0,0.472
157,604.0,604.0,1.0,1,0.909,TRANSICION,frame_00604.jpg,21.3,6.9,0.533
158,605.0,605.0,1.0,1,0.918,TRANSICION,frame_00605.jpg,12.1,1.3,0.542
159,606.0,627.0,22.0,22,0.838,TRANSICION,frame_00617.jpg,-6.4,5.4,0.537
160,628.0,637.0,10.0,10,0.805,TRANSICION,frame_00633.jpg,-17.2,16.1,0.46
161,638.0,638.0,1.0,1,0.751,TRANSICION,frame_00638.jpg,-9.8,1.2,0.419
162,639.0,650.0,12.0,12,0.755,TRANSICION,frame_00645.jpg,0.2,-11.8,0.519
163,651.0,651.0,1.0,1,0.764,TRANSICION,frame_00651.jpg,-12.1,3.2,0.474
164,652.0,700.0,49.0,49,0.895,ESTABLE,frame_00676.jpg,0.1,31.9,0.6
165,701.0,737.0,37.0,37,0.923,ESTABLE,frame_00719.jpg,-10.3,93.7,0.465
166,738.0,738.0,1.0,1,0.94,TRANSICION,frame_00738.jpg,11.7,94.5,0.446
167,739.0,739.0,1.0,1,0.944,TRANSICION,frame_00739.jpg,20.8,92.3,0.452
168,740.0,740.0,1.0,1,0.941,TRANSICION,frame_00740.jpg,12.9,83.8,0.505
169,741.0,752.0,12.0,12,0.936,TRANSICION,frame_00747.jpg,-9.6,77.4,0.492
170,753.0,753.0,1.0,1,0.618,TRANSICION,frame_00753.jpg,5.9,73.4,0.555
171,754.0,756.0,3.0,3,0.799,TRANSICION,frame_00755.jpg,22.8,71.0,0.376
172,757.0,757.0,1.0,1,0.918,TRANSICION,frame_00757.jpg,18.8,62.1,0.329
173,758.0,758.0,1.0,1,0.685,TRANSICION,frame_00758.jpg,11.7,15.7,0.398
174,759.0,764.0,6.0,6,0.848,TRANSICION,frame_00762.jpg,5.9,-10.5,0.508
175,765.0,816.0,52.0,52,0.884,ESTABLE,frame_00791.jpg,-7.4,31.2,0.703
176,817.0,830.0,14.0,14,0.926,TRANSICION,frame_00824.jpg,-9.0,48.5,0.504
177,831.0,831.0,1.0,1,0.544,TRANSICION,frame_00831.jpg,-20.4,29.9,0.38
178,832.0,832.0,1.0,1,0.358,TRANSICION,frame_00832.jpg,-34.7,10.9,0.208
179,833.0,833.0,1.0,1,0.478,TRANSICION,frame_00833.jpg,-19.3,-13.6,0.105
180,834.0,834.0,1.0,1,0.725,TRANSICION,frame_00834.jpg,-38.2,-29.5,0.028
181,835.0,835.0,1.0,1,0.539,TRANSICION,frame_00835.jpg,57.7,-40.7,0.013
182,836.0,836.0,1.0,1,0.512,TRANSICION,frame_00836.jpg,38.5,-88.0,0.112
183,837.0,837.0,1.0,1,0.601,TRANSICION,frame_00837.jpg,-0.2,-59.8,0.051
184,838.0,838.0,1.0,1,0.16,TRANSICION,frame_00838.jpg,18.6,-84.2,0.042
185,839.0,839.0,1.0,1,0.095,TRANSICION,frame_00839.jpg,-122.9,-88.9,0.004
186,840.0,840.0,1.0,1,0.219,TRANSICION,frame_00840.jpg,27.9,75.7,0.0
187,841.0,841.0,1.0,1,0.286,TRANSICION,frame_00841.jpg,91.9,-92.8,0.021
188,842.0,842.0,1.0,1,0.103,TRANSICION,frame_00842.jpg,-4.9,-11.8,0.013
189,843.0,843.0,1.0,1,0.27,TRANSICION,frame_00843.jpg,-16.4,-68.1,0.12
190,844.0,844.0,1.0,1,0.749,TRANSICION,frame_00844.jpg,-18.5,-64.8,0.144
191,845.0,850.0,6.0,6,0.79,TRANSICION,frame_00848.jpg,-5.9,-59.8,0.149
192,851.0,851.0,1.0,1,0.766,TRANSICION,frame_00851.jpg,-2.3,-46.1,0.301
193,852.0,853.0,2.0,2,0.834,TRANSICION,frame_00853.jpg,10.0,-30.0,0.408
194,854.0,854.0,1.0,1,0.868,TRANSICION,frame_00854.jpg,8.0,-20.7,0.474
195,855.0,856.0,2.0,2,0.855,TRANSICION,frame_00856.jpg,10.1,-13.6,0.457
196,857.0,857.0,1.0,1,0.828,TRANSICION,frame_00857.jpg,-7.8,-0.9,0.47
197,858.0,877.0,20.0,20,0.892,TRANSICION,frame_00868.jpg,-13.6,37.8,0.484
198,878.0,879.0,2.0,2,0.916,TRANSICION,frame_00879.jpg,-4.2,56.5,0.48
199,880.0,880.0,1.0,1,0.918,TRANSICION,frame_00880.jpg,-1.3,43.8,0.504
200,881.0,882.0,2.0,2,0.909,TRANSICION,frame_00882.jpg,3.1,27.4,0.386
201,883.0,892.0,10.0,10,0.914,TRANSICION,frame_00888.jpg,8.7,42.6,0.254
202,893.0,939.0,47.0,47,0.934,ESTABLE,frame_00916.jpg,16.7,67.7,0.393
203,940.0,979.0,40.0,40,0.955,ESTABLE,frame_00960.jpg,31.8,91.3,0.384
204,980.0,980.0,1.0,1,0.917,TRANSICION,frame_00980.jpg,33.9,110.9,0.379
205,981.0,981.0,1.0,1,0.908,TRANSICION,frame_00981.jpg,41.1,106.9,0.384
206,982.0,982.0,1.0,1,0.94,TRANSICION,frame_00982.jpg,27.8,94.8,0.387
207,983.0,988.0,6.0,6,0.947,TRANSICION,frame_00986.jpg,21.4,76.3,0.414
208,989.0,990.0,2.0,2,0.938,TRANSICION,frame_00990.jpg,31.1,83.6,0.416
209,991.0,1001.0,11.0,11,0.956,TRANSICION,frame_00996.jpg,31.6,91.9,0.417
210,1002.0,1003.0,2.0,2,0.901,TRANSICION,frame_01003.jpg,5.6,78.8,0.407
211,1004.0,1008.0,5.0,5,0.948,TRANSICION,frame_01006.jpg,17.4,93.1,0.389
212,1009.0,1010.0,2.0,2,0.966,TRANSICION,frame_01010.jpg,32.2,85.2,0.377
213,1011.0,1012.0,2.0,2,0.958,TRANSICION,frame_01012.jpg,42.3,85.2,0.376
214,1013.0,1032.0,20.0,20,0.961,TRANSICION,frame_01023.jpg,36.3,88.7,0.387
215,1033.0,1040.0,8.0,8,0.946,TRANSICION,frame_01037.jpg,35.4,99.2,0.378
216,1041.0,1042.0,2.0,2,0.931,TRANSICION,frame_01042.jpg,26.8,123.7,0.374
217,1043.0,1043.0,1.0,1,0.915,TRANSICION,frame_01043.jpg,35.6,116.5,0.376
218,1044.0,1045.0,2.0,2,0.929,TRANSICION,frame_01045.jpg,44.2,107.8,0.394
219,1046.0,1048.0,3.0,3,0.934,TRANSICION,frame_01047.jpg,58.6,105.1,0.381
220,1049.0,1053.0,5.0,5,0.957,TRANSICION,frame_01051.jpg,55.6,101.7,0.382
221,1054.0,1054.0,1.0,1,0.958,TRANSICION,frame_01054.jpg,38.8,98.5,0.399
222,1055.0,1067.0,13.0,13,0.934,TRANSICION,frame_01061.jpg,14.9,82.2,0.411
223,1068.0,1087.0,20.0,20,0.957,TRANSICION,frame_01078.jpg,30.8,100.9,0.401
224,1088.0,1090.0,3.0,3,0.937,TRANSICION,frame_01089.jpg,18.7,129.4,0.357
225,1091.0,1102.0,12.0,12,0.94,TRANSICION,frame_01097.jpg,29.2,123.8,0.348
226,1103.0,1103.0,1.0,1,0.804,TRANSICION,frame_01103.jpg,12.0,97.5,0.381
227,1104.0,1104.0,1.0,1,0.471,TRANSICION,frame_01104.jpg,15.9,53.6,0.414
228,1105.0,1105.0,1.0,1,0.718,TRANSICION,frame_01105.jpg,24.9,31.1,0.455
229,1106.0,1106.0,1.0,1,0.852,TRANSICION,frame_01106.jpg,27.7,7.9,0.525
230,1107.0,1144.0,38.0,38,0.919,ESTABLE,frame_01126.jpg,46.8,22.3,0.62
231,1145.0,1146.0,2.0,2,0.934,TRANSICION,frame_01146.jpg,41.7,45.3,0.28
232,1147.0,1147.0,1.0,1,0.908,TRANSICION,frame_01147.jpg,24.5,42.5,0.409
233,1148.0,1158.0,11.0,11,0.914,TRANSICION,frame_01153.jpg,9.7,44.9,0.44
234,1159.0,1159.0,1.0,1,0.925,TRANSICION,frame_01159.jpg,15.4,46.3,0.288
235,1160.0,1164.0,5.0,5,0.911,TRANSICION,frame_01162.jpg,19.9,37.2,0.375
236,1165.0,1197.0,33.0,33,0.909,ESTABLE,frame_01181.jpg,2.3,50.9,0.324
237,1198.0,1198.0,1.0,1,0.731,TRANSICION,frame_01198.jpg,-2.2,99.2,0.358
238,1199.0,1199.0,1.0,1,0.675,TRANSICION,frame_01199.jpg,-11.7,133.8,0.248
239,1200.0,1200.0,1.0,1,0.704,TRANSICION,frame_01200.jpg,-5.6,156.4,0.17
240,1201.0,1203.0,3.0,3,0.646,TRANSICION,frame_01202.jpg,-62.3,-53.4,0.012
241,1204.0,1239.0,36.0,36,0.888,ESTABLE,frame_01222.jpg,16.4,145.1,0.253
242,1240.0,1240.0,1.0,1,0.933,TRANSICION,frame_01240.jpg,20.9,112.4,0.356
243,1241.0,1241.0,1.0,1,0.9,TRANSICION,frame_01241.jpg,16.4,87.3,0.368
244,1242.0,1242.0,1.0,1,0.814,TRANSICION,frame_01242.jpg,4.9,45.4,0.445
245,1243.0,1243.0,1.0,1,0.897,TRANSICION,frame_01243.jpg,6.7,25.9,0.468
246,1244.0,1250.0,7.0,7,0.896,TRANSICION,frame_01247.jpg,2.9,20.1,0.512
247,1251.0,1279.0,29.0,29,0.923,TRANSICION,frame_01265.jpg,33.3,60.8,0.414
248,1280.0,1281.0,2.0,2,0.849,TRANSICION,frame_01281.jpg,49.0,68.0,0.193
249,1282.0,1282.0,1.0,1,0.912,TRANSICION,frame_01282.jpg,44.5,74.1,0.405
250,1283.0,1283.0,1.0,1,0.887,TRANSICION,frame_01283.jpg,18.3,59.1,0.196
251,1284.0,1284.0,1.0,1,0.911,TRANSICION,frame_01284.jpg,19.9,42.4,0.499
252,1285.0,1287.0,3.0,3,0.777,TRANSICION,frame_01286.jpg,9.9,32.8,0.404
253,1288.0,1300.0,13.0,13,0.921,TRANSICION,frame_01294.jpg,40.5,38.5,0.379
254,1301.0,1307.0,7.0,7,0.943,TRANSICION,frame_01304.jpg,56.8,68.3,0.297
255,1308.0,1308.0,1.0,1,0.934,TRANSICION,frame_01308.jpg,62.3,53.7,0.239
256,1309.0,1309.0,1.0,1,0.944,TRANSICION,frame_01309.jpg,54.4,56.5,0.216
257,1310.0,1328.0,19.0,19,0.955,TRANSICION,frame_01319.jpg,57.9,65.0,0.231
258,1329.0,1329.0,1.0,1,0.963,TRANSICION,frame_01329.jpg,40.5,67.6,0.195
259,1330.0,1330.0,1.0,1,0.92,TRANSICION,frame_01330.jpg,27.7,52.3,0.214
260,1331.0,1463.0,133.0,133,0.935,ESTABLE,frame_01397.jpg,29.9,51.7,0.429
261,1464.0,1464.0,1.0,1,0.938,TRANSICION,frame_01464.jpg,8.8,65.3,0.437
262,1465.0,1465.0,1.0,1,0.452,TRANSICION,frame_01465.jpg,-61.6,27.1,0.317
263,1466.0,1466.0,1.0,1,0.868,TRANSICION,frame_01466.jpg,-60.0,19.0,0.313
264,1467.0,1467.0,1.0,1,0.585,TRANSICION,frame_01467.jpg,1.4,34.7,0.443
265,1468.0,1477.0,10.0,10,0.942,TRANSICION,frame_01473.jpg,22.8,45.8,0.465
266,1478.0,1478.0,1.0,1,0.935,TRANSICION,frame_01478.jpg,13.6,46.3,0.423
267,1479.0,1495.0,17.0,17,0.932,TRANSICION,frame_01487.jpg,10.6,52.1,0.355
268,1496.0,1498.0,3.0,3,0.935,TRANSICION,frame_01497.jpg,6.5,42.1,0.304
269,1499.0,1499.0,1.0,1,0.928,TRANSICION,frame_01499.jpg,15.6,33.0,0.325
270,1500.0,1512.0,13.0,13,0.924,TRANSICION,frame_01506.jpg,24.6,50.7,0.397
271,1513.0,1524.0,12.0,12,0.936,TRANSICION,frame_01519.jpg,10.7,48.1,0.451
272,1525.0,1549.0,25.0,25,0.94,TRANSICION,frame_01537.jpg,-8.6,91.5,0.359
273,1550.0,1566.0,17.0,17,0.93,TRANSICION,frame_01558.jpg,0.9,72.4,0.386
274,1567.0,1567.0,1.0,1,0.893,TRANSICION,frame_01567.jpg,1.8,57.0,0.417
275,1568.0,1571.0,4.0,4,0.897,TRANSICION,frame_01570.jpg,13.5,43.0,0.259
276,1572.0,1592.0,21.0,21,0.943,TRANSICION,frame_01582.jpg,53.9,54.9,0.192
277,1593.0,1593.0,1.0,1,0.942,TRANSICION,frame_01593.jpg,38.5,66.9,0.364
278,1594.0,1643.0,50.0,50,0.943,ESTABLE,frame_01619.jpg,30.6,74.9,0.412
279,1644.0,1645.0,2.0,2,0.963,TRANSICION,frame_01645.jpg,58.8,75.1,0.411
280,1646.0,1646.0,1.0,1,0.954,TRANSICION,frame_01646.jpg,37.4,74.1,0.397
281,1647.0,1647.0,1.0,1,0.84,TRANSICION,frame_01647.jpg,13.0,50.2,0.477
282,1648.0,1648.0,1.0,1,0.852,TRANSICION,frame_01648.jpg,-1.2,24.3,0.499
283,1649.0,1651.0,3.0,3,0.932,TRANSICION,frame_01650.jpg,-1.4,14.4,0.543
284,1652.0,1706.0,55.0,55,0.94,ESTABLE,frame_01679.jpg,31.6,70.6,0.389
285,1707.0,1707.0,1.0,1,0.945,TRANSICION,frame_01707.jpg,37.9,67.6,0.423
286,1708.0,1710.0,3.0,3,0.938,TRANSICION,frame_01709.jpg,64.8,65.4,0.208
287,1711.0,1711.0,1.0,1,0.908,TRANSICION,frame_01711.jpg,46.0,58.6,0.419
288,1712.0,1712.0,1.0,1,0.92,TRANSICION,frame_01712.jpg,22.3,52.9,0.26
289,1713.0,1718.0,6.0,6,0.892,TRANSICION,frame_01716.jpg,19.5,45.8,0.412
290,1719.0,1719.0,1.0,1,0.913,TRANSICION,frame_01719.jpg,41.6,49.2,0.43
291,1720.0,1720.0,1.0,1,0.618,TRANSICION,frame_01720.jpg,55.0,48.0,0.372
292,1721.0,1721.0,1.0,1,0.795,TRANSICION,frame_01721.jpg,45.0,55.0,0.292
293,1722.0,1722.0,1.0,1,0.874,TRANSICION,frame_01722.jpg,42.6,17.0,0.298
294,1723.0,1723.0,1.0,1,0.804,TRANSICION,frame_01723.jpg,52.6,-15.4,0.358
295,1724.0,1724.0,1.0,1,0.801,TRANSICION,frame_01724.jpg,28.6,-30.9,0.439
296,1725.0,1725.0,1.0,1,0.676,TRANSICION,frame_01725.jpg,31.3,-54.2,0.465
297,1726.0,1727.0,2.0,2,0.79,TRANSICION,frame_01727.jpg,35.9,-78.5,0.317
298,1728.0,1728.0,1.0,1,0.837,TRANSICION,frame_01728.jpg,27.1,-73.8,0.348
299,1729.0,1729.0,1.0,1,0.844,TRANSICION,frame_01729.jpg,10.1,-55.7,0.398
300,1730.0,1754.0,25.0,25,0.848,TRANSICION,frame_01742.jpg,10.1,-58.3,0.429
301,1755.0,1769.0,15.0,15,0.888,TRANSICION,frame_01762.jpg,31.2,-57.1,0.325
302,1770.0,1770.0,1.0,1,0.829,TRANSICION,frame_01770.jpg,24.4,-62.4,0.21
303,1771.0,1784.0,14.0,14,0.825,TRANSICION,frame_01778.jpg,17.1,-51.2,0.21
304,1785.0,1786.0,2.0,2,0.734,TRANSICION,frame_01786.jpg,6.0,-51.0,0.193
305,1787.0,1787.0,1.0,1,0.763,TRANSICION,frame_01787.jpg,15.9,-50.8,0.178
306,1788.0,1788.0,1.0,1,0.678,TRANSICION,frame_01788.jpg,40.2,-67.9,0.188
307,1789.0,1789.0,1.0,1,0.707,TRANSICION,frame_01789.jpg,51.4,-80.0,0.202
308,1790.0,1790.0,1.0,1,0.702,TRANSICION,frame_01790.jpg,71.4,-80.2,0.149
309,1791.0,1791.0,1.0,1,0.743,TRANSICION,frame_01791.jpg,79.3,-75.8,0.161
310,1792.0,1792.0,1.0,1,0.438,TRANSICION,frame_01792.jpg,51.6,-73.3,0.262
311,1793.0,1793.0,1.0,1,0.536,TRANSICION,frame_01793.jpg,28.3,-77.9,0.291
312,1794.0,1799.0,6.0,6,0.728,TRANSICION,frame_01797.jpg,22.8,-80.7,0.304
313,1800.0,1803.0,4.0,4,0.774,TRANSICION,frame_01802.jpg,46.2,-58.0,0.365
314,1804.0,1804.0,1.0,1,0.722,TRANSICION,frame_01804.jpg,47.5,-70.8,0.338
315,1805.0,1813.0,9.0,9,0.695,TRANSICION,frame_01809.jpg,59.7,-81.1,0.306
316,1814.0,1815.0,2.0,2,0.707,TRANSICION,frame_01815.jpg,46.1,-74.6,0.259
317,1816.0,1817.0,2.0,2,0.702,TRANSICION,frame_01817.jpg,57.5,-86.2,0.223
318,1818.0,1821.0,4.0,4,0.729,TRANSICION,frame_01820.jpg,59.9,-101.2,0.216
319,1822.0,1822.0,1.0,1,0.724,TRANSICION,frame_01822.jpg,42.1,-94.7,0.201
320,1823.0,1825.0,3.0,3,0.689,TRANSICION,frame_01824.jpg,15.8,-92.1,0.229
321,1826.0,1831.0,6.0,6,0.712,TRANSICION,frame_01829.jpg,34.5,-86.0,0.229
322,1832.0,1832.0,1.0,1,0.749,TRANSICION,frame_01832.jpg,35.1,-75.9,0.336
323,1833.0,1833.0,1.0,1,0.767,TRANSICION,frame_01833.jpg,46.5,-75.7,0.312
324,1834.0,1834.0,1.0,1,0.789,TRANSICION,frame_01834.jpg,56.4,-79.1,0.35
325,1835.0,1841.0,7.0,7,0.765,TRANSICION,frame_01838.jpg,60.0,-88.6,0.234
326,1842.0,1842.0,1.0,1,0.718,TRANSICION,frame_01842.jpg,42.9,-85.7,0.285
327,1843.0,1845.0,3.0,3,0.787,TRANSICION,frame_01844.jpg,11.3,-63.1,0.441
328,1846.0,1856.0,11.0,11,0.743,TRANSICION,frame_01851.jpg,5.6,-50.8,0.38
329,1857.0,1857.0,1.0,1,0.776,TRANSICION,frame_01857.jpg,-18.8,-51.4,0.207
330,1858.0,1858.0,1.0,1,0.736,TRANSICION,frame_01858.jpg,-25.5,-38.8,0.274
331,1859.0,1859.0,1.0,1,0.713,TRANSICION,frame_01859.jpg,-17.1,-7.4,0.363
332,1860.0,1861.0,2.0,2,0.868,TRANSICION,frame_01861.jpg,-0.9,16.3,0.371
333,1862.0,1862.0,1.0,1,0.828,TRANSICION,frame_01862.jpg,-14.3,48.4,0.366
334,1863.0,1863.0,1.0,1,0.909,TRANSICION,frame_01863.jpg,-12.0,64.6,0.393
335,1864.0,1864.0,1.0,1,0.895,TRANSICION,frame_01864.jpg,-6.6,54.8,0.385
336,1865.0,1865.0,1.0,1,0.904,TRANSICION,frame_01865.jpg,-2.0,48.2,0.417
337,1866.0,1874.0,9.0,9,0.891,TRANSICION,frame_01870.jpg,-0.2,41.6,0.395
338,1875.0,1877.0,3.0,3,0.893,TRANSICION,frame_01876.jpg,-13.2,39.8,0.389
339,1878.0,1895.0,18.0,18,0.854,TRANSICION,frame_01887.jpg,4.6,10.1,0.589
340,1896.0,1925.0,30.0,30,0.805,ESTABLE,frame_01911.jpg,2.5,-22.7,0.492
341,1926.0,1947.0,22.0,22,0.798,TRANSICION,frame_01937.jpg,-16.7,-26.1,0.531
342,1948.0,1948.0,1.0,1,0.517,TRANSICION,frame_01948.jpg,108.3,-22.2,0.464
343,1949.0,1950.0,2.0,2,0.372,TRANSICION,frame_01950.jpg,-69.0,12.4,0.008
344,1951.0,1951.0,1.0,1,0.049,TRANSICION,frame_01951.jpg,54.9,-24.6,0.463
345,1952.0,1952.0,1.0,1,0.801,TRANSICION,frame_01952.jpg,-6.5,-15.3,0.508
346,1953.0,1975.0,23.0,23,0.9,TRANSICION,frame_01964.jpg,-15.9,-19.2,0.495
347,1976.0,1976.0,1.0,1,0.912,TRANSICION,frame_01976.jpg,-1.5,26.0,0.407
348,1977.0,1977.0,1.0,1,0.922,TRANSICION,frame_01977.jpg,-5.4,35.3,0.415
349,1978.0,1985.0,8.0,8,0.876,TRANSICION,frame_01982.jpg,-8.4,35.9,0.398
350,1986.0,1986.0,1.0,1,0.894,TRANSICION,frame_01986.jpg,-1.1,8.2,0.558
351,1987.0,1988.0,2.0,2,0.89,TRANSICION,frame_01988.jpg,3.9,-0.2,0.58
352,1989.0,1989.0,1.0,1,0.921,TRANSICION,frame_01989.jpg,16.4,-0.6,0.58
353,1990.0,1990.0,1.0,1,0.671,TRANSICION,frame_01990.jpg,104.6,-25.4,0.451
354,1991.0,1991.0,1.0,1,0.882,TRANSICION,frame_01991.jpg,116.7,-37.3,0.411
355,1992.0,1992.0,1.0,1,0.681,TRANSICION,frame_01992.jpg,47.2,-44.2,0.484
356,1993.0,2002.0,10.0,10,0.772,TRANSICION,frame_01998.jpg,20.6,-48.7,0.399
357,2003.0,2007.0,5.0,5,0.828,TRANSICION,frame_02005.jpg,16.0,-21.2,0.388
358,2008.0,2010.0,3.0,3,0.746,TRANSICION,frame_02009.jpg,24.1,-38.6,0.464
359,2011.0,2017.0,7.0,7,0.796,TRANSICION,frame_02014.jpg,18.1,-28.8,0.533
360,2018.0,2018.0,1.0,1,0.824,TRANSICION,frame_02018.jpg,32.0,-24.7,0.438
361,2019.0,2020.0,2.0,2,0.832,TRANSICION,frame_02020.jpg,48.5,-31.1,0.44
362,2021.0,2026.0,6.0,6,0.828,TRANSICION,frame_02024.jpg,19.2,-37.2,0.518
363,2027.0,2030.0,4.0,4,0.87,TRANSICION,frame_02029.jpg,17.0,-19.2,0.552
364,2031.0,2034.0,4.0,4,0.875,TRANSICION,frame_02033.jpg,8.9,-4.9,0.562
365,2035.0,2035.0,1.0,1,0.873,TRANSICION,frame_02035.jpg,48.1,-9.9,0.549
366,2036.0,2036.0,1.0,1,0.041,TRANSICION,frame_02036.jpg,40.4,-33.2,0.046
367,2037.0,2037.0,1.0,1,0.363,TRANSICION,frame_02037.jpg,-221.5,-64.9,0.108
368,2038.0,2038.0,1.0,1,0.091,TRANSICION,frame_02038.jpg,27.0,-13.1,0.396
369,2039.0,2043.0,5.0,5,0.897,TRANSICION,frame_02041.jpg,-7.2,0.7,0.509
370,2044.0,2044.0,1.0,1,0.932,TRANSICION,frame_02044.jpg,-9.6,1.2,0.597
371,2045.0,2045.0,1.0,1,0.938,TRANSICION,frame_02045.jpg,-17.0,5.7,0.522
372,2046.0,2076.0,31.0,31,0.905,ESTABLE,frame_02061.jpg,-15.4,19.6,0.449
373,2077.0,2077.0,1.0,1,0.835,TRANSICION,frame_02077.jpg,-22.1,-4.1,0.545
374,2078.0,2083.0,6.0,6,0.832,TRANSICION,frame_02081.jpg,-15.0,-2.4,0.549
375,2084.0,2085.0,2.0,2,0.852,TRANSICION,frame_02085.jpg,-17.7,-2.8,0.518
376,2086.0,2086.0,1.0,1,0.852,TRANSICION,frame_02086.jpg,-1.4,3.7,0.576
377,2087.0,2087.0,1.0,1,0.849,TRANSICION,frame_02087.jpg,12.7,7.3,0.59
378,2088.0,2117.0,30.0,30,0.888,ESTABLE,frame_02103.jpg,17.5,16.6,0.307
379,2118.0,2118.0,1.0,1,0.902,TRANSICION,frame_02118.jpg,27.0,27.3,0.48
380,2119.0,2122.0,4.0,4,0.893,TRANSICION,frame_02121.jpg,70.3,6.8,0.466
381,2123.0,2123.0,1.0,1,0.886,TRANSICION,frame_02123.jpg,57.6,18.4,0.375
382,2124.0,2124.0,1.0,1,0.834,TRANSICION,frame_02124.jpg,45.6,4.1,0.572
383,2125.0,2125.0,1.0,1,0.865,TRANSICION,frame_02125.jpg,42.8,-5.4,0.529
384,2126.0,2128.0,3.0,3,0.862,TRANSICION,frame_02127.jpg,45.2,-18.7,0.469
385,2129.0,2138.0,10.0,10,0.925,TRANSICION,frame_02134.jpg,50.1,-7.2,0.414
386,2139.0,2139.0,1.0,1,0.932,TRANSICION,frame_02139.jpg,68.2,-9.3,0.384
387,2140.0,2140.0,1.0,1,0.922,TRANSICION,frame_02140.jpg,82.9,-7.4,0.375
388,2141.0,2145.0,5.0,5,0.947,TRANSICION,frame_02143.jpg,94.6,-4.0,0.401
389,2146.0,2151.0,6.0,6,0.954,TRANSICION,frame_02149.jpg,90.4,12.8,0.431
390,2152.0,2153.0,2.0,2,0.936,TRANSICION,frame_02153.jpg,93.4,-1.3,0.483
391,2154.0,2154.0,1.0,1,0.79,TRANSICION,frame_02154.jpg,47.3,-8.3,0.535
392,2155.0,2165.0,11.0,11,0.883,TRANSICION,frame_02160.jpg,16.5,-13.3,0.549
393,2166.0,2166.0,1.0,1,0.878,TRANSICION,frame_02166.jpg,7.4,-0.6,0.591
394,2167.0,2170.0,4.0,4,0.878,TRANSICION,frame_02169.jpg,-6.4,7.7,0.612
395,2171.0,2198.0,28.0,28,0.915,TRANSICION,frame_02185.jpg,14.6,25.2,0.425
396,2199.0,2210.0,12.0,12,0.903,TRANSICION,frame_02205.jpg,30.7,28.3,0.476
397,2211.0,2234.0,24.0,24,0.9,TRANSICION,frame_02223.jpg,47.8,17.2,0.491
398,2235.0,2235.0,1.0,1,0.875,TRANSICION,frame_02235.jpg,26.8,25.0,0.503
399,2236.0,2236.0,1.0,1,0.909,TRANSICION,frame_02236.jpg,15.9,35.7,0.449
400,2237.0,2238.0,2.0,2,0.867,TRANSICION,frame_02238.jpg,12.5,37.8,0.233
401,2239.0,2239.0,1.0,1,0.896,TRANSICION,frame_02239.jpg,18.9,26.9,0.255
402,2240.0,2261.0,22.0,22,0.909,TRANSICION,frame_02251.jpg,24.3,12.5,0.418
403,2262.0,2262.0,1.0,1,0.856,TRANSICION,frame_02262.jpg,6.5,3.9,0.468
404,2263.0,2266.0,4.0,4,0.851,TRANSICION,frame_02265.jpg,-0.6,-2.8,0.452
405,2267.0,2278.0,12.0,12,0.858,TRANSICION,frame_02273.jpg,17.7,3.6,0.512
406,2279.0,2294.0,16.0,16,0.869,TRANSICION,frame_02287.jpg,33.6,-5.7,0.558
407,2295.0,2305.0,11.0,11,0.896,TRANSICION,frame_02300.jpg,34.5,14.0,0.472
408,2306.0,2310.0,5.0,5,0.883,TRANSICION,frame_02308.jpg,30.3,-1.8,0.536
409,2311.0,2321.0,11.0,11,0.895,TRANSICION,frame_02316.jpg,37.4,12.1,0.52
410,2322.0,2328.0,7.0,7,0.879,TRANSICION,frame_02325.jpg,45.3,3.2,0.537
411,2329.0,2329.0,1.0,1,0.86,TRANSICION,frame_02329.jpg,55.3,-7.9,0.536
412,2330.0,2330.0,1.0,1,0.874,TRANSICION,frame_02330.jpg,64.5,-8.8,0.529
413,2331.0,2331.0,1.0,1,0.854,TRANSICION,frame_02331.jpg,56.8,-0.8,0.55
414,2332.0,2332.0,1.0,1,0.832,TRANSICION,frame_02332.jpg,32.0,-7.4,0.527
415,2333.0,2339.0,7.0,7,0.835,TRANSICION,frame_02336.jpg,18.3,-5.8,0.568
416,2340.0,2363.0,24.0,24,0.845,TRANSICION,frame_02352.jpg,33.3,10.5,0.5
417,2364.0,2376.0,13.0,13,0.863,TRANSICION,frame_02370.jpg,25.7,27.8,0.497
418,2377.0,2377.0,1.0,1,0.874,TRANSICION,frame_02377.jpg,20.4,53.3,0.208
419,2378.0,2378.0,1.0,1,0.861,TRANSICION,frame_02378.jpg,20.3,81.3,0.349
420,2379.0,2391.0,13.0,13,0.933,TRANSICION,frame_02385.jpg,18.5,74.7,0.345
421,2392.0,2392.0,1.0,1,0.942,TRANSICION,frame_02392.jpg,11.4,84.0,0.347
422,2393.0,2398.0,6.0,6,0.913,TRANSICION,frame_02396.jpg,7.5,60.9,0.381
423,2399.0,2425.0,27.0,27,0.872,TRANSICION,frame_02412.jpg,-7.2,22.9,0.353
424,2426.0,2428.0,3.0,3,0.838,TRANSICION,frame_02427.jpg,9.7,12.1,0.343
425,2429.0,2429.0,1.0,1,0.869,TRANSICION,frame_02429.jpg,27.9,24.7,0.408
426,2430.0,2440.0,11.0,11,0.907,TRANSICION,frame_02435.jpg,43.8,23.7,0.408
427,2441.0,2441.0,1.0,1,0.931,TRANSICION,frame_02441.jpg,61.6,37.3,0.395
428,2442.0,2442.0,1.0,1,0.95,TRANSICION,frame_02442.jpg,75.6,35.7,0.41
429,2443.0,2443.0,1.0,1,0.925,TRANSICION,frame_02443.jpg,90.5,24.8,0.447
430,2444.0,2444.0,1.0,1,0.912,TRANSICION,frame_02444.jpg,97.8,11.9,0.48
431,2445.0,2447.0,3.0,3,0.907,TRANSICION,frame_02446.jpg,104.3,4.9,0.459
432,2448.0,2448.0,1.0,1,0.915,TRANSICION,frame_02448.jpg,89.8,1.7,0.428
433,2449.0,2449.0,1.0,1,0.868,TRANSICION,frame_02449.jpg,54.9,11.9,0.359
434,2450.0,2450.0,1.0,1,0.797,TRANSICION,frame_02450.jpg,11.8,10.0,0.396
435,2451.0,2451.0,1.0,1,0.34,TRANSICION,frame_02451.jpg,-29.5,22.3,0.554
